Product Knowledge Name,Product Knowledge Slug,EAushadhi Drug ID,EAushadhi Drug Name,,EAushadhi Drug ID Unclean
Aceclofenac 100 mg + Paracetamol 325 mg + Thiocolchicoside 4 mg Tablet,aceclofenac-para-tablet-100-325-4,40.2.8,Aceclofenac + Paracetamol + Chlorzoxazone Tablet 100mg+325mg+250mg,,D1198
Aceclofenac Tablet 100 mg,aceclofenac-tablet-100,1.3.1,Aceclofenac Tablet 100mg,,D0012
Acetazolamide Tablet 250 mg,acetazolamide-250mg-tablet,22.4.1,Acetazolamide Tablet 250mg,,D0568
Acetazolamide Tablet 250 mg,acetazolamide-250mg-tablet,22.4.12,Acetazolamide Tablet IP 250mg,,D0571
Aciclovir Intravenous Infusion 250 mg,aciclovir-infusion-250,6.14.11,Aciclovir Intravenous Infusion IP 250mg,,D1284
Aciclovir Tablet 200 mg,aciclovir-tablet-200,6.14.10,Aciclovir Tablet IP 200mg,,D1283
Activated Human Recombinant Coagulation Factor VII,recombinant-factor-vii,10.1.14,Activated Human recombinant coagulation factor VII Injection 1mg,,D0062
Activated Human Recombinant Coagulation Factor VII,recombinant-factor-vii,10.1.25,Activated Human recombinant coagulation factorVIl-1mg Injections Injection 1mg,,D0069
Activated Prothrombin Complex Concentrate 500 IU / 1000 IU (Feiba Factor),prothr-com-con-500-1000,10.1.28,Activated Prothrombin Complex Concentrate Feiba Factor Injection 500U,,D0071
Adenosine Injection 3 milligram per milliliter,adenosine-injection-3,11.2.1,Adenosine Injection IP 3mg/ml,,D0103
Adrenaline Injection 1 milligram per milliliter,adrenaline-injection-1-ampule,D00084,Adrenaline Injection IP 1 mg/ml,,D1502
Albendazole 200 mg/5 ml Oral Suspension,albendazole-suspension-200-5,16.3.12,Albendazole Oral Suspension IP 200mg/5ml,,D0297
Albendazole Chewable Tablet 400 mg,albendazole-chewable-tablet-400,6.3.2,Albendazole Tablet 400mg,,D1303
Albendazole Chewable Tablet 400 mg,albendazole-chewable-tablet-400,6.3.11,Albendazole Tablet IP 400mg,,D1301
Allopurinol Tablet 300 mg,allopurinol-tablet-ip-300,1.2.3,Allopurinol Tablet 300mg,,D0009
Alprazolam Tablet 0.25 mg,alprazolam-tablet-0-25,25.1.1,Alprazolam Tablet 0.25mg,,D0609
Alteplase Injection 50 mg,alteplase-injection-50,11.4.14,Alteplase Injection 50mg with sterile water for injection I.P 50ml for,,D0151
Ambroxol Hydrochloride 200 mg + N-Acetylcysteine 30 mg Tablet,ambroxol-acetylcys-tab-200-30,19.1.26,Ambroxol Hydrocloride and N-Acetyl-L-Cysteine Tablet 200mg+30mg,,D0413
Ambroxol Hydrochloride 30 mg/5 ml Syrup,ambroxol-syrup-30-5,19.1.1,Ambroxol Syrup 30mg/5ml,,D0401
Amikacin Injection 500 mg/2 ml,amikacin-injection-500,6.7.3,Amikacin Injection 500mg/2ml,,D1400
Amikacin Injection 250 mg/2 ml,amikacin-injection-250,6.7.2,Amikacin Injection IP 250mg/2ml,,D1389
Amikacin Injection 500 mg/2 ml,amikacin-injection-500,D00278,Amikacin Injection IP 500 mg/2ml,,D1507
Amiodarone Tablet 100 mg,amiodarone-tablet-100,11.2.3,Amiodarone Tablet 100mg,,D0108
Amiodarone Tablet 200 mg,amiodarone-tablet-200,11.2.4,Amiodarone Tablet 200mg,,D0109
Amisulpride Tablet 100 mg,amisulpride-tablet-100,D00771,Amisulpride Tablet IP 100mg,,D1513
Amitriptyline Tablet 25 mg,amitriptyline-tablet-25,25.3.11,Amitriptyline Tablet IP 25mg,,D0624
Amlodipine Tablet 10 mg,amlodipine-tablet-ip-10,11.3.1,Amlodipine Tablet 10mg,,D0113
Amlodipine Tablet 2.5 mg,amlodipine-tablet-2-5,11.3.2,Amlodipine Tablet 2.5mg,,D0123
Amlodipine (as amlodipine maleate) Tablet 5 mg,amlodipine-maleate-tablet-5,11.3.46,Amlodipine Tablet 5mg,,D0141
Amlodipine (as amlodipine besilate) Tablet 5 mg,amlodipine-besilate-tablet-5,11.3.3,Amlodipine Tablet IP 5mg,,D0128
Amoxicillin 500 mg + Clavulanic acid 100 mg Injection,amoxicillin-clav-inj-ip-500-100,6.6.59,Amoxicillin and Potassium Clavulanate Injection 600mg,,D1365
Amoxicillin 1000 mg + Clavulanic acid 200 mg Injection,amoxicillin-clav-inj-ip-1000-200,6.6.58,Amoxicillin and Potassium Clavulanate Injection IP 1.2gm,,D1364
Amoxicillin 200 mg + Clavulanic acid 28.5 mg/5 ml Oral Suspension,amoxicillin-clav-susp-ip-200-28-5,6.6.63,Amoxicillin and Potassium Clavulanate oral suspension 200mg + 28.5mg/5ml,,D1370
Amoxicillin 500 mg + Clavulanic acid 125 mg Tablet,amoxicillin-clav-tablet-ip-500-125,6.6.64,Amoxicillin and Potassium Clavulanate Tablet 625mg,,D1371
Amoxicillin Capsule 250 mg,amoxicillin-capsule-250,6.6.1,Amoxicillin Capsule IP 250mg,,D1316
Amoxicillin Capsule 500 mg,amoxicillin-capsule-500,6.6.2,Amoxicillin Capsule IP 500mg,,D1327
Amphotericin B Deoxycholate Injection 50 mg,amphotericin-b-injection-50,6.12.8,Amphotericin-B (Conventional) Powder for Injection IP 50mg,,D1282
Ampicillin Capsule 500 mg,ampicillin-capsule-500,6.6.10,Ampicillin Capsule IP 500mg,,D1317
Ampicillin Injection 250 mg,ampicillin-capsule-250,40.40.22,Ampicillin Injection 250mg,,D1210
Ampicillin Injection 500 mg,ampicillin-injection-ip-500,6.6.11,Ampicillin Injection IP 500mg,,D1318
Ampicillin Injection 1000 mg,ampicillin-injection-1000,6.6.67,Ampicillin Powder for Injection IP 1g,,D1374
Ampicillin Injection 1000 mg,ampicillin-injection-1000,6.6.43,Ampicillin Powder for Injection. 1g,,D1348
Ampicillin 125 mg/5 ml Oral Suspension,ampicillin-suspension-125-5,6.6.12,Ampicillin Powder for suspension 125mg/5ml,,D1319
Anti-D Immunoglobulin 300 mg Injection,anti-d-immunoglobulin-300,18.2.1,Anti-D immunoglobin (human) Injection 300mcg,,D0380
Tetanus Immunoglobulin Injection 250 IU,tetanus-immunoglobulin-250iu,18.2.3,Antitetanus Human Immunoglobin Injection 250IU,,D0382
Tetanus Immunoglobulin Injection 500 IU,tetanus-immunoglobulin-500iu,18.2.4,Antitetanus Human Immunoglobin Injection 500IU,,D0383
Apixaban Tablet 2.5 mg,apixaban-tablet-2-5,20.2.17,Apixaban Tablet 2.5mg,,D0516
Aripiprazole Tablet 5 mg,aripiprazole-tablet-5,25.4.20,Aripiprazole Tablet 5mg,,D0642
Artesunate Injection 60 mg,artesunate-injection-60,6.9.13,Artesunate Injection 60mg,,D1481
Ascorbic Acid Tablet 100 mg,ascorbic-acid-tablet-100,27.1.1,Ascorbic Acid Tablet 100mg,,D0679
Atenolol Tablet 25 mg,atenolol-tablet-ip-25,11.3.5,Atenolol Tablet 25mg,,D0145
Atenolol Tablet 50 mg,atenolol-tablet-50,11.3.6,Atenolol Tablet 50mg,,D0146
Atorvastatin Tablet 10 mg,atorvastatin-tablet-10,11.5.2,Atorvastatin Tablet 10mg,,D0162
Atorvastatin Tablet 20 mg,atorvastatin-tablet-20,11.5.4,Atorvastatin Tablet 20mg,,D0163
Atorvastatin Tablet 20 mg,atorvastatin-tablet-20,11.5.5,Atorvastatin Tablet 20mg,,D0164
Atorvastatin Tablet 40 mg,atorvastatin-tablet-40,11.5.6,Atorvastatin Tablet 40mg,,D0165
Atorvastatin Tablet 40 mg,atorvastatin-tablet-40,11.5.8,Atorvastatin Tablet 40mg,,D0166
Atracurium Injection 10 milligram per milliliter,atracurium-injection-10,21.1.1,Atracurium Besilate 1x2.5ml Amp/Vial Injection 10mg/ml,,D0526
Atropine 1% w/w Eye Ointment,atropine-eye-ointment,22.1.5,Atropine Drops 0.01,,D0540
Atropine Injection 0.6 milligram per milliliter,atropine-injection-ip-0-6,2.3.1,Atropine Sulphate Injection 0.6mg/ml,,D0471
Atropine Injection 1 milligram per milliliter,atropine-injection-1,5.2.2,Atropine Sulphate Injection 1mg/ml,,D1254
Azithromycin Injection 500 mg,azithromycin-injection-500,6.7.4,Azithromycin Injection USP 500mg,,D1407
Azithromycin 200 mg Syrup,azithromycin-syrup-200,6.7.50,Azithromycin Oral Liquid 200mg/5ml,,D1417
Azithromycin 200 mg/5 ml Oral Suspension,azithromycin-suspension-200-5,6.7.92,Azithromycin Oral Suspension IP 200mg/5ml,,D1445
Azithromycin 100 mg Syrup,azithromycin-syrup-100,6.7.5,Azithromycin Suspension 100mg/5ml,,D1416
Azithromycin 200 mg/5 ml Oral Suspension,azithromycin-suspension-200-5,40.40.11,Azithromycin Suspension 200mg/5ml,,D1201
Azithromycin Tablet 250 mg,azithromycin-tablet-ip-250,D00235,Azithromycin Tablet IP 250 mg,,D1505
Azithromycin Tablet 250 mg,azithromycin-tablet-ip-250,6.7.7,Azithromycin Tablet IP 250mg,,D1428
Azithromycin Tablet 250 mg,azithromycin-tablet-ip-250,6.7.98,Azithromycin Tablet IP 250mg,,D1451
Azithromycin Tablet 500 mg,azithromycin-tablet-ip-500,D00236,Azithromycin Tablet IP 500 mg,,D1506
Azithromycin Tablet 500 mg,azithromycin-tablet-ip-500,6.7.8,Azithromycin Tablet IP 500mg,,D1434
Baclofen Tablet 20 mg,baclofen-tablet-20,25.6.1,Baclofen Tablet 20mg,,D0655
Beclomethasone Inhaler 200 mcg,beclomethasone-diprop-inha-ip-200,19.1.2,Beclomethasone Dipropionate Inhalation IP 200mcg/metered dose,,D0409
Benzathine Penicillin Injection 450 mg,benzathine-penicillin-inj-ip-450,6.6.14,Benzathine penicillin Injection 6lacs,,D1321
Benzathine Penicillin Injection 900 mg,benzathine-penicillin-inj-ip-900,6.6.65,Benzathine penicillin Injection IP 12lacs,,D1372
Benzoic Acid 6% + Salicylic Acid Ointment 3%,comp-benzoic-oint-6per-3per,12.5.1,Benzoic Acid+Salicylic Acid Ointment 6%w/w+3%w/w,,D0203
Benzoic Acid 6% + Salicylic Acid Ointment 3%,comp-benzoic-oint-6per-3per,12.5.9,Benzoic Acid+Salicylic Acid Ointment USP 6%w/w+3%w/w,,D0209
Benzoin Tincture,comp-benzoin-tincture-500ml,14.1.2,Benzoin Compound Tincture As per IP,,D0228
Benzoyl Peroxide Gel 2.5%,benzoyl-peroxide-gel-ip-2-50-tube,12.1.11,Benzoyl peroxide Gel 0.025,,D0177
Benzyl Benzoate Application 25%,benzyl-benzoate-app-ip-25-bot,12.5.2,Benzyl benzoate Lotion 0.25,,D0204
Benzylpenicillin Injection 600 mg,benzylpenicillin-injection-ip-600,6.6.15,Benzyl Penicillin Injection 10lacs,,D1322
Betahistine Tablet 8 mg,betahistine-tablet-ip-8,16.3.11,Betahistine Tablet 8mg,,D0296
Betahistine Tablet 8 mg,betahistine-tablet-ip-8,16.3.20,Betahistine Tablet IP 8mg,,D0305
Betamethasone Ointment 0.05%,betamethasone-0-05-tube,12.2.1,Betamethasone Dipropionate Ointment 0.05%w/w,,D0196
Betamethasone Ointment 0.1%,betamethasone-0-1-tube,12.2.2,Betamethasone Dipropionate Ointment 0.1%w/w,,D0197
Betamethasone Injection 4 milligram per milliliter,betame-inj-4-ampoule,23.1.1,Betamethasone Injection IP 4mg/ml,,D0595
Bisacodyl Suppository 5 mg,bisacodyl-suppository-ip-5,16.6.1,Bisacodyl Suppository 5mg,,D0328
Bisacodyl Tablet 5 mg,bisacodyl-gastro-resi-tab-ip-5,16.6.2,Bisacodyl Tablet 5mg,,D0329
Bromhexine Syrup 4 mg/5 ml,bromhexine-syrup-bottle,19.1.4,Bromhexine Syrup 4mg/5ml,,D0425
Budesonide Inhaler 100 mcg,budesonide-inhaler-200-metered-dose,19.1.5,Budesonide Inhalation 100mcg,,D0428
Bupivacaine Injection 0.5%,bupivacaine-injection-ip-0-5,2.2.30,Bupivacaine Injection IP 0.5% W/V (100mg/20ml),,D0463
Butorphanol Injection 2 mg,butorphanol-injection-2,2.2.5,Butorphanol Injection 2mg,,D0466
Caffeine Citrate Injection 20 mg/ml,caffeine-citrate-inj-usp-20-vial,34.1.3,Caffeine Citrate Injection USP 20mg/ml,,D1149
Caffeine Citrate Injection 20 mg/ml,caffeine-citrate-inj-usp-20-vial,1.5.1,Caffeine Injection 20mg/ml,,D0059
Calamine Lotion,calamine-lotion-ip-bottle,12.2.3,Calamine Lotion As per IP,,D0198
Calcium Carbonate + Vitamin D3 Syrup 250 mg/5 ml + 125 IU,calcium-vitamin-d3-syrup,27.1.7,Calcium carbonate with Vitamin D3 Tablet 250mg+125IU,,D0729
Calcium Gluconate Injection 100 mg/ml,calcium-gluconate-ip-100-vial-inj,27.1.9,Calcium Gluconate Injection 100mg/ml,,D0731
Carbamazepine Oral Suspension 100 mg/5 ml,carbamazepine-oral-suspension-bot,4.1.1,Carbamazepine Syrup 100mg/5ml,,D1153
Carbamazepine Tablet 100 mg,carbamazepine-tablet-ip-100,4.1.2,Carbamazepine Tablet 100mg,,D1162
Carbamazepine Tablet 200 mg,carbamazepine-tablet-ip-200,4.1.3,Carbamazepine Tablet 200mg,,D1167
Carbamazepine Tablet 200 mg,carbamazepine-tablet-ip-200,4.1.44,Carbamazepine Tablet IP 200mg,,D1179
Carboprost Injection 125 mcg/0.5 ml,carboprost-tromethamine-inj-ip,23.2.13,Carboprost Tromethamine Injection 125mcg/0.5ml,,D0598
Carboprost Injection 250 mcg,carboprost-250-injection,23.2.2,Carboprost Tromethamine Injection 250mcg,,D0602
Carboxymethyl Cellulose Eye Drops 0.5%,cmc-eye-drops-0-5,22.1.6,Carboxymethylcellulose Drops 0.005,,D0541
Carboxymethyl Cellulose Eye Drops 1%,cmc-eye-drops-1,22.1.7,Carboxymethylcellulose Drops 0.01,,D0542
Carboxymethyl Cellulose Eye Drops 0.5%,cmc-eye-drops-0-5,22.1.12,Carboxymethylcellulose Eye Drops 0.005,,D0534
Carboxymethyl Cellulose Eye Drops 1%,cmc-eye-drops-1,22.1.13,Carboxymethylcellulose Eye Drops 0.01,,D0535
Cefadroxil Suspension 125 mg/5 ml,cefadroxil-125,6.7.10,Cefadroxil Syrup 125mg/5ml,,D1380
Cefadroxil Tablet 500 mg,cefadroxil-ip-500,6.7.11,Cefadroxil Tablet 500mg,,D1381
Cefazolin Injection 1 g,cefazolin-sodium-inj-ip-1000-vial,6.7.40,Cefazolin Powder for Injection IP 1g,,D1408
Cefazolin Injection 500 mg,cefazolin-sodium-inj-ip-500-vial,6.7.41,Cefazolin Powder for Injection IP 500mg,,D1409
Cefixime Oral Suspension 100 mg/5 ml,cefixime-oral-susp-ip-100-bot,6.6.61,Cefixime oral suspension 100mg/5ml,,D1368
Cefixime Oral Suspension 50 mg/5 ml,cefixime-oral-susp-ip-50-bot,6.6.53,Cefixime oral suspension 50mg 5ml IP/BP/USP,,D1359
Cefixime Syrup 100 mg,cefixime-100-syrup,6.6.16,Cefixime Tablet 100mg,,D1323
Cefixime Tablet 200 mg,cefixime-200-tablet,6.6.17,Cefixime Tablet 200mg,,D1324
Cefoperazone + Sulbactam Injection 1 g + 500 mg,cefoperazone-sulbactam-1500,6.7.87,Cefoperazone + Salbactum donor Injection 1gm+500mg,,D1439
Cefoperazone + Sulbactam Injection 500 mg + 500 mg,cefoperazone-sulbactam-1000,6.7.96,Cefoperazone + Salbactum for Injection 500mg+500mg,,D1449
Cefoperazone + Sulbactam Injection 1 g + 500 mg,cefoperazone-sulbactam-1500,6.7.57,Cefoperazone + Salbactum Injection 1gm+500mg,,D1422
Cefoperazone + Sulbactam Injection 500 mg + 500 mg,cefoperazone-sulbactam-1000,6.7.58,Cefoperazone + Salbactum Injection 500mg+500mg,,D1423
Cefotaxime Injection 125 mg,cefotaxime-sodium-inj-ip-125,6.6.18,Cefotaxime Injection 125mg,,D1325
Cefotaxime Injection 500 mg,cefotaxime-sodium-inj-ip-500,6.6.21,Cefotaxime Injection 500mg,,D1329
Cefotaxime Injection 1 g,cefotaxime-sodium-inj-ip-1000,6.6.19,Cefotaxime Injection IP 1gm,,D1326
Cefotaxime Injection 250 mg,cefotaxime-sodium-inj-ip-250,6.6.20,Cefotaxime Injection IP 250mg,,D1328
Ceftazidime Injection 1 g,ceftazidime-injection-ip-1000,6.6.22,Ceftazidime Injection IP 1g,,D1330
Ceftazidime Injection 250 mg,ceftazidime-injection-ip-250,6.6.23,Ceftazidime Injection IP 250mg,,D1331
Ceftriaxone Injection 1 g,ceftriaxone-1000-injection,6.6.24,Ceftriaxone Injection IP 1gm,,D1332
Ceftriaxone Injection 250 mg,ceftriaxone-250-injection,6.6.25,Ceftriaxone Injection IP 250mg,,D1333
Ceftriaxone Injection 500 mg,ceftriaxone-500-injection,6.6.62,Ceftriaxone Powder for Injection IP 500mg,,D1369
Ceftriaxone Injection 500 mg,ceftriaxone-500-injection,6.6.46,Ceftriaxone Powder for Injection. 500mg IP/BP/USP,,D1351
Cephalexin Capsule 250 mg,cephalexin-capsules-ip-250,6.6.26,Cephalexin Capsule IP 250mg,,D1334
Cephalexin Capsule 500 mg,cephalexin-capsules-ip-500,6.6.27,Cephalexin Capsule IP 500mg,,D1335
Cephalexin Oral Suspension 125 mg/5 ml,cephalexin-oral-susp-125-bottle,6.6.66,Cephalexin Oral Suspension IP 125mg/5ml,,D1373
Cephalexin Oral Suspension 125 mg/5 ml,cephalexin-oral-susp-125-bottle,6.6.28,Cephalexin Syrup 125mg/5ml,,D1336
Cetirizine Tablet 10 mg,cetirizine-10-tablet,3.1.2,Cetrizine Hydrochloride Tablet 10mg,,D1120
Cetirizine Syrup 5 mg/5 ml,cetirizine-syrup-ip-5-bottle,3.1.19,Cetrizine Oral Liquid 5mg/5ml,,D1119
Cetirizine Syrup 5 mg/5 ml,cetirizine-syrup-ip-5-bottle,3.1.35,Cetrizine Syrup 5mg/5ml,,D1132
Cetirizine Tablet 10 mg,cetirizine-10-tablet,3.1.18,Cetrizine Tablet 10mg,,D1118
Chlorpheniramine Tablet 4mg,chlorpheniramine-tablet-ip-4,3.1.34,Chlorpheniramine Maleate Tablet 4mg,,D1131
Chlorpheniramine Tablet 4mg,chlorpheniramine-tablet-ip-4,3.1.4,Chlorpheniramine Maleate Tablet 4mg,,D1135
Chlorpromazine Tablet 100 mg,chlorpromazine-tablet-ip-100,25.4.3,Chlorpromazine Hydrochloride Tablet 100mg,,D0650
Cholecalciferol Drops 400 IU/ml,cholecalciferol-drops-400-bottle,27.1.36,Cholecalciferol Oral Liquid 400IU/ml,,D0702
Ciprofloxacin Eye Drops 0.3%,cipro-eye-drops-0-3-sque,22.2.20,Ciprofloxacin Hydrochloride Eye Drops IP 0.3% w/v,,D0551
Ciprofloxacin Eye Drops 0.3%,cipro-eye-drops-0-3-sque,22.2.15,Ciprofloxacin Hydrochloride Eye/Ear Drops 0.3%w/v,,D0546
Ciprofloxacin Eye Drops 0.3%,cipro-eye-drops-0-3-sque,22.2.3,Ciprofloxacin Hydrochloride Eye/Ear Drops 0.3%w/v,,D0556
Ciprofloxacin Injection 2 mg/ml,ciprofloxacin-injection-ip-bottle,6.7.12,Ciprofloxacin Hydrochloride Injection 200mg/100 ml,,D1382
Ciprofloxacin Tablet 250 mg,ciprofloxacin-tablet-250,6.7.13,Ciprofloxacin Hydrochloride Tablet IP 250mg,,D1383
Ciprofloxacin Tablet 500 mg,ciprofloxacin-tablet-500,6.7.14,Ciprofloxacin Hydrochloride Tablet IP 500mg,,D1384
Ciprofloxacin Tablet 500 mg,ciprofloxacin-tablet-500,6.7.99,Ciprofloxacin Tablet IP 500mg,,D1452
Clarithromycin Tablet 500 mg,clarithromycin-tablet-ip-500-mg-1x1,40.40.27,Clarithromycin Tablet 500mg,,D1213
Clobazam Tablet 10 mg,clobazam-10-mg-tablet,4.1.32,Clobazam Tablet 10mg,,D1170
Clonazepam Tablet 0.5 mg,clonazepam-tablet-ip-0-5-mg-1x1,25.2.7,Clonazepam Tablet 0.5mg,,D0620
Clonazepam Tablet 0.5 mg,clonazepam-tablet-ip-0-5-mg-1x1,25.2.10,Clonazepam Tablet IP 0.5mg,,D0614
Clonazepam Tablet 0.5 mg,clonazepam-tablet-ip-0-5-mg-1x1,25.2.9,Clonazepam Tablet IP 0.5mg,,D0621
Clopidogrel Tablet 75 mg,clopidogrel-tablet-75mg,11.1.3,Clopidogrel Tablet 75mg,,D0098
Clotrimazole Dusting Powder 1%,clotrimazole-powder-100gm-bottle,6.8.7,Clotrimazole (Dusting) Powder 1%w/w,,D1476
Clotrimazole Cream 1%,clotrimazole-cream-1percent,6.8.16,Clotrimazole Cream 0.01,,D1454
Clotrimazole Cream 1%,clotrimazole-cream-1percent,6.8.32,Clotrimazole Cream IP 0.01,,D1469
Clotrimazole Ear Drops 1%,clotrimazole-ear-drops-1percent,6.8.3,Clotrimazole Ear Drops IP 1%w/v,,D1467
Clotrimazole Vaginal Tablet 100 mg,clotrimazole-pessaries-ip-100mg-1x1,6.8.33,Clotrimazole Passaries IP 100mg,,D1470
Clotrimazole Vaginal Tablet 100 mg,clotrimazole-pessaries-ip-100mg-1x1,6.8.5,Clotrimazole Pessaries 100mg,,D1474
Clotrimazole Vaginal Gel 2%,clotri-vagi-gel-2per-15gm-tube,6.8.30,Clotrimazole Vaginal Gel 2%w/w,,D1468
Cloxacillin Injection 250 mg,cloxacillin-injection-ip-250mg-1x1,40.40.23,Cloxacillin Injection 250mg,,D1211
Clozapine Tablet 100 mg,clozapine-tablet-ip-100mg-1x1,25.3.2,Clozapine Tablet 100mg,,D0628
Clozapine Tablet 100 mg,clozapine-tablet-ip-100mg-1x1,25.3.13,Clozapine Tablet IP 100mg,,D0626
Co-trimoxazole Tablet (Sulphamethoxazole 800 mg + Trimethoprim 160 mg),co-trimoxazole-800mg-160mg,6.7.16,Co-Trimoxazole (Trimethoprim + Sulphamethoxazole) Tablet 160+800mg,,D1386
Colchicine Tablet 0.5 mg,colchicine-tablet-ip-0-5mg-1x1,1.2.4,Colchicine Tablet 0.5mg,,D0010
Dabigatran Etexilate Capsule 110 mg,dabigatran-etexilate-capsule-110mg,20.2.22,Dabigatran Tablet 110 mg IP/BP/USP,,D0522
Dapagliflozin Tablet 10 mg,dapagliflozin-tablet-10mg-1x1,17.13.3,Dapagliflozin Tablet 10mg,,D0349
Deferasirox Tablet 100 mg,deferasirox-tablet-ip-100mg-1x1,5.3.28,Deferasirox Dispersible Tablet 100mg,,D1263
Deferasirox Tablet 250 mg,deferasirox-tablet-ip-250mg-1x1,5.3.29,Deferasirox Dispersible Tablet 250mg,,D1264
Deferasirox Tablet 500 mg,deferasirox-tablet-ip-500mg-1x1,5.3.31,Deferasirox Dispersible Tablet 500mg,,D1265
Deferasirox Tablet 100 mg,deferasirox-tablet-ip-100mg-1x1,5.3.22,Deferiserox Dispersible Tablet 100mg,,D1257
Deferasirox Tablet 250 mg,deferasirox-tablet-ip-250mg-1x1,5.3.23,Deferiserox Dispersible Tablet 250mg,,D1258
Deferasirox Tablet 500 mg,deferasirox-tablet-ip-500mg-1x1,5.3.25,Deferiserox Dispersible Tablet 500mg,,D1260
Dexamethasone Injection 4 mg/ml,dexamethasone-inj-ip-4mg-ml-2ml,3.1.5,Dexamethasone Injection 4mg/ml,,D1136
Dexamethasone Injection 4 mg/ml,dexamethasone-inj-ip-4mg-ml-2ml,40.40.9,Dexamethasone Injection 4mg/ml,,D1218
Dexamethasone Injection 4 mg/ml,dexamethasone-inj-ip-4mg-ml-2ml,3.1.33,Dexamethasone Phosphate Injection 4mg/ml,,D1130
Dexamethasone Tablet 0.5 mg,dexamethasone-tablet-ip-0-5mg-1x1,3.1.6,Dexamethasone Tablet 0.5mg,,D1137
Dextran 40 Infusion 10%,dextran-40-infusion-10percent-500ml,10.2.1,Dextran-40 Injection 0.1,,D0091
Dextrose Injection 10%,dextrose-injection-10percent-500ml,26.2.2,Dextrose Injection 0.1,,D0674
Dextrose Injection 25%,dextrose-injection-25percent-100ml,17.8.3,Dextrose Injection 0.25,,D0377
Dextrose Injection 5%,dextrose-injection-5percent-500ml,17.8.2,Dextrose Injection 0.5,,D0376
Dextrose Injection 25%,dextrose-injection-25percent-100ml,17.8.1,Dextrose Injection IP 25% w/v,,D0375
Diazepam Injection 5 mg/ml,diazepam-injection-5mg-ml,2.3.2,Diazepam Injection 5mg/ml,,D0473
Diazepam Injection 5 mg/ml,diazepam-injection-5mg-ml,2.3.10,Diazepam Injection IP 5mg/ml,,D0472
Diazepam Tablet 5 mg,diazepam-tablet-ip-5mg-1x1,2.3.6,Diazepam Tablet 5mg,,D0475
Diclofenac 1.16%+ Linseed Oil 3% + Methyl Salicylate 10% + Menthol Gel 5%,diclofenac-combination-gel-30gm,1.3.49,Diclofenac Diethylamine+Sesame oil+Linesed oil+methyl Salicylate and methol Gel 1.16%W/W+2.50%W/W+0.50%W/W+10%W/W+5%W/W,,D0035
Diclofenac 1.16%+ Linseed Oil 3% + Methyl Salicylate 10% + Menthol Gel 5%,diclofenac-combination-gel-30gm,1.3.50,Diclofenac Diethylamine+Sesame oil+Linesed oil+methyl Salicylate and methol Gel 1.16%W/W+2.50%W/W+0.50%W/W+10%W/W+5%W/W,,D0036
Diclofenac Gel 1%,diclofenac-gel-1percent-30gm,1.3.59,Diclofenac Gel IP 1%,,D0043
Diclofenac Injection 25 mg/ml,diclofenac-injection-ip-25mg-ml-3ml,1.3.6,Diclofenac Injection 25mg/ml,,D0044
Diclofenac Injection 75 mg/ml,diclofenac-injection-ip-75mg-3ml,1.3.33,Diclofenac Injection 75mg/ml,,D0030
Diclofenac Injection 75 mg/ml,diclofenac-injection-ip-75mg-3ml,1.3.66,Diclofenac Injection IP 75mg/ml,,D0050
Diclofenac Injection 75 mg/ml,diclofenac-injection-ip-75mg-3ml,1.3.63,Diclofenac Sodium Injection IP (IV Bolus) 75mg/ml,,D0048
Diclofenac Sodium Tablet 50 mg,diclofenac-sodium-tablet-50mg,1.3.62,Diclofenac Tablet 50mg,,D0047
Diclofenac Sodium Tablet 50 mg,diclofenac-sodium-tablet-50mg,1.3.7,Diclofenac Tablet 50mg,,D0052
Dicyclomine Oral Solution 10mg/5ml,dicyclomine-oral-10mg,16.5.1,Dicyclomine Hydrochloride Drops 10mg/5ml,,D0316
Dicyclomine Injection 10 mg/ml,dicyclomine-injection-10mg,40.1.4021,Dicyclomine Hydrochloride Injection 10mg,,D1188
Dicyclomine Injection 10 mg/ml,dicyclomine-injection-10mg,16.5.2,Dicyclomine Hydrochloride Injection 10mg/ml,,D0320
Dicyclomine Tablet 10 mg,dicyclomine-tablet-10mg,16.5.14,Dicyclomine Hydrochloride Tablet 10mg,,D0319
Dicyclomine Tablet 10 mg,dicyclomine-tablet-10mg,16.5.4,Dicyclomine Hydrochloride Tablet 10mg,,D0322
Diethylcarbamazine Tablet 50 mg,diethylcarbamazine-tablet-50mg,6.1.3,Diethylcarbamazin(Antifilarials) Tablet IP 50mg,,D1269
Diethylcarbamazine Tablet 100 mg,diethylcarbamazine-tablet-100mg,6.1.4,Diethylcarbamazine Citrate Tablet 100mg,,D1270
Diethylcarbamazine Tablet 100 mg,diethylcarbamazine-tablet-100mg,6.1.1,Diethylcarbamazine Citrate Tablet IP 100mg,,D1268
Diethylcarbamazine Tablet 100 mg,diethylcarbamazine-tablet-100mg,6.1.6,Diethylcarbamazine Citrate Tablet IP 100mg,,D1271
Digoxin Injection 0.25mg/ml,digoxin-injection-0-25mg,11.6.2,Digoxin Injection IP 0.25mg/ml,,D0168
Digoxin Tablet 0.25 mg,digoxin-tablet-0-25mg,11.6.3,Digoxin Tablet 0.25mg,,D0169
Diltiazem injection 25mg,diltiazem-injection-25mg,11.2.5,Diltiazem Injection 5mg/ml,,D0110
Diltiazem Tablet 30 mg,diltiazem-tablet-30mg,11.1.4,Diltiazem Tablet 30mg,,D0099
Dinoprostone Gel 0.5 mg,cerviprime-gel-0-5,23.2.3,Dinoprostone Gel 0.5mg,,D0603
Diphtheria + Tetanus Vaccine 0.5 ml,diphtheria-tetanus-vaccine,18.4.8,Diptheria and Tetanus Vaccine .5ML Vaccine NA,,D0399
Diphtheria + Tetanus Vaccine 0.5 ml,diphtheria-tetanus-vaccine,18.4.7,"Diptheria and Tetanus Vaccine Each 0.5 ml contains Diptheria toxoid <=5 Lf (>2IU) Tetanue Toxoid >5Lf (>40IU) absorbed on Aluminium Phosphate, Al+++<1.25mg Preservative:0.005% Thiomersal(Each 10 Dose vial) Vaccine NA",,D0398
Diphtheria + Tetanus Vaccine 0.5 ml,diphtheria-tetanus-vaccine,18.4.10,Dipththeria and Tetanus Vaccine (Adsorbed) for Adults and Adolescents IP each dose of 0.5ml contains Diphtheria Toxoid >= 2 0.5ml,,D0396
Dobutamine Hydrochloride Injection 50 mg/ml,dobutamine-injection-50mg,11.6.10,Dobutamine hydrochloride Injection IP 50mg/ml,,D0167
Dobutamine Hydrochloride Injection 50 mg/ml,dobutamine-injection-50mg,11.6.4,Dobutamine Injection 50mg/ml,,D0170
Domperidone Suspension 1 mg/ml,domperidone-suspension-1mg,16.3.19,Domperidone Suspension IP 1mg/ml,,D0303
Domperidone Suspension 1 mg/ml,domperidone-suspension-1mg,16.3.1,Domperidone Syrup 1mg/ml,,D0294
Domperidone Tablet 10 mg,domperidone-tablet-10mg,16.3.2,Domperidone Tablet 10mg,,D0304
Domperidone Tablet 10 mg,domperidone-tablet-10mg,16.3.18,Domperidone Tablet IP 10mg,,D0302
Domperidone Tablet 10 mg,domperidone-tablet-10mg,16.3.24,Domperidone Tablet IP 10mg,,D0309
Donepezil Tablet 5 mg,donepezil-tablet-5mg,25.3.10,Donepezil Tablet 5mg,,D0623
Dopamine Injection 40 mg/ml,dopamine-injection-40mg,11.6.5,Dopamine Hydrochloride Injection 40mg/ml,,D0171
Doxycycline Capsules 100 mg,doxycycline-capsule-100mg,6.7.18,Doxycycline Capsule 100mg,,D1387
Empagliflozin Tablet 10mg,empagliflozin-tablet-10mg,17.13.4,Empagliflozin Tablet 10mg,,D0350
Enalapril Maleate Tablet 10 mg,enalapril-tablet-10mg,11.3.11,Enalapril Maleate Tablet 10mg,,D0114
Enalapril Maleate Tablet 2.5 mg,enalapril-tablet-2-5mg,11.3.12,Enalapril Maleate Tablet 2.5mg,,D0115
Enalapril Maleate Tablet 5 mg,enalapril-tablet-5mg,11.3.13,Enalapril Maleate Tablet 5mg,,D0116
Enoxaparin Injection 40mg/ 0.4 ml,enoxaparin-injection-40mg,D00493,Enoxaparin Injection IP 40mg/ 0.4 ml (with Pre-filled syringes),,D1508
Enoxaparin Injection 60mg/ 0.6 ml,enoxaparin-injection-60mg,20.2.2,Enoxaparin PFS Injection 60mg/0.6ml,,D0519
Enoxaparin Injection 40mg/ 0.4 ml,enoxaparin-injection-40mg,20.2.21,Enoxparin Sodium ampule and Syring Injection 40mg/0.4ml,,D0521
Erythropoietin Injection 2000 IU/1ml,erythropoietin-2000iu,20.1.18,Erythropoietin Injection 2000IU/ML,,D0487
Erythropoietin 4000 IU INJ,erythropoietin-4000iu,20.1.26,Erythropoietin Injection 4000 IU/ml,,D0495
Erythropoietin Injection 10000 IU/1ml,erythropoietin-10000iu,20.1.17,Erythropoietin Injection PFS 10000IU/ML,,D0486
Escitalopram Tablet 10 mg,escitalopram-tablet-10mg,25.4.23,Escitalopram Tablet 10mg,,D0644
Escitalopram Tablet 10 mg,escitalopram-tablet-10mg,25.4.7,Escitalopram Tablet 10mg,,D0652
Escitalopram tablet 5MG,escitalopram-tablet-5mg,25.4.16,Escitalopram Tablet 5mg,,D0640
Escitalopram Tablet 10 mg,escitalopram-tablet-10mg,25.4.26,Escitalopram Tablet IP 10mg,,D0647
Esmolol Injection 10 mg/ml,esmolol-injection-10mg,11.2.8,Esmolol 1x10ml Injection 10mg/ml,,D0111
Ethamsylate Tablet 250 mg,etamsylate-tablet-250mg,20.2.20,Ethamsylate Tablet 250mg,,D0520
Ethamsylate Tablet 500 mg,etamsylate-tablet-500mg,20.2.13,Ethamsylate Tablet 500mg,,D0514
Favipiravir Tablet 200 mg,favipiravir-tablet-200mg,6.15.28,Favipiravir Tablet 200mg,,D1292
Favipiravir Tablet 200 mg,favipiravir-tablet-200mg,6.15.31,Favipiravir Tablet 200mg,,D1295
Fentanyl Injection 50 mcg/ml,fentanyl-injection-50mcg,1.4.1,Fentanyl citrate Injection IP 50mcg/ml,,D0055
Ferric Carboxymaltose Injection 50 mg/ml,ferric-carboxymaltose-injection-50mg,20.1.28,Ferric carboxymaltose Injection 500mg/10ml,,D0496
Fluconazole Tablet 100 mg,fluconazole-tablet-100mg,6.8.8,Fluconazole Capsule 100mg,,D1477
Fluconazole Tablet 150 mg,fluconazole-tablet-150mg,6.8.9,Fluconazole Capsule 150mg,,D1478
Fluconazole Tablet 200 mg,fluconazole-tablet-200mg,6.8.35,Fluconazole Tablet IP 200mg,,D1472
Fluconazole Tablet 50 mg,fluconazole-tablet-50mg,6.8.34,Fluconazole Tablet IP 50mg,,D1471
Flunarizine Tablet 5 mg,flunarizine-tablet-5mg,6.12.3,Flunarizine Tablet 5mg,,D1280
Fluoxetine Capsules 20 mg,fluoxetine-capsule-20mg,25.3.14,Fluoxetine Capsule IP 20mg,,D0627
Fluoxetine Capsules 20 mg,fluoxetine-capsule-20mg,25.3.4,Fluoxetine hydrochloride Capsule 20mg,,D0629
Fluoxetine Capsules 60 mg,fluoxetine-capsule-60mg,25.3.9,Fluoxetine hydrochloride Capsule 60mg,,D0634
Fluoxetine Capsules 20 mg,fluoxetine-capsule-20mg,25.3.12,Fluoxetine Hydrochloride Capsules IP 20mg,,D0625
Fluoxetine Capsules 20 mg,fluoxetine-capsule-20mg,4.1.20,FLUOXETNE Capsule 20mg,,D1163
Fluphenazine Decanoate Injection 25 mg/ml,fluphenazine-decanoate-inj-25mg,25.3.5,Fluphenazine Injection 25mg/ml,,D0630
Fluticasone Nasal Spray 0.05 % w/v,fluticasone-nasal-spray,22.6.4,Fluticazone(Nasal) Spray 0.05%w/w,,D0588
Fluticasone Nasal Spray 0.05 % w/v,fluticasone-nasal-spray,22.6.12,Fluticazone(Nasal) Spray IP 0.05%w/v 1x1 100 metered doses,,D0582
Folic Acid Tablet 0.4 mg,folic-acid-tablet-0-4mg,20.1.25,Folic Acid Tablet 400mcg,,D0494
Folic Acid Tablet 0.4 mg,folic-acid-tablet-0-4mg,20.1.35,Folic Acid Tablet 400mcg,,D0502
Folic Acid Tablet 5 mg,folic-acid-tablet-5mg,20.1.7,Folic Acid Tablet 5mg,,D0510
Frusemide Injection 10 mg/ml,frusemide-injection-10mg,15.1.1,Frusemide Injection 10mg/ml,,D0259
Frusemide Tablet 40 mg,frusemide-tablet-40mg,15.1.2,Frusemide Tablet 40mg,,D0260
Fusidic Acid Cream 2%,fusidic-acid-cream,6.7.69,Fusidic Acid Ointment 0.02,,D1427
Gentamicin Injection 10 mg/ml,gentamicin-injection-10mg,6.7.22,Gentamicin Injection 10mg/ml,,D1392
Gentamicin Injection 40 mg/ml,gentamicin-injection-80mg,6.7.23,Gentamicin Injection IP 40mg/ml,,D1393
Gentamicin Injection 40 mg/ml,gentamicin-injection-80mg,40.1.4028,Gentamycine Injection 40mg,,D1192
Glibenclamide Tablet 5 mg,glibenclamide-tablet-5mg,17.7.4,Glibenclamide Tablet 5mg,,D0369
Glimepiride Tablet 2 mg,glimepiride-tablet-2mg,17.7.6,Glimepiride Tablet 2mg,,D0371
Glimepiride Tablet 1 mg,glimepiride-tablet-1mg,17.7.5,Glimepiride Tablet IP 1mg,,D0370
Glyceryl Trinitrate Tablet 0.5 mg,glyceryl-trinitrate-tablet-0-5mg,11.1.7,Glyceryl Trinitrate (Sublingual) Tablet 0.5mg,,D0100
Glycopyrrolate Injection 0.2 mg/ml,glycopyrrolate-injection-0-2mg-ml,2.2.7,Glycopyrolate Injection 0.2mg,,D0468
Glycopyrrolate Tablet 1 mg,glycopyrrolate-tablet-1mg,2.2.26,Glycopyrolate Tablet 1mg,,D0458
Griseofulvin Tablet 250 mg,griseofulvin-tablet-250mg,6.8.19,Griseofulvin Tablet 250mg,,D1456
Haloperidol Injection 5 mg/ml,haloperidol-injection-5mg-ml,25.4.9,Haloperidol Injection 5mg/ml,,D0653
Haloperidol Tablet 5 mg,haloperidol-tablet-5mg,25.4.10,Haloperidol Tablet 5mg,,D0635
Halothane Inhalation,halothane-inhalation,2.1.2,Halothane with Vaporizer Inhalation 100%w/v,,D0442
Heparin Injection 5000 IU/ml,heparin-injection-5000iu-ml,11.4.18,Heparin Injection IP 5000 IU,,D0155
Heparin Injection 5000 IU/ml,heparin-injection-5000iu-ml,11.4.13,Heparin Sodium Injection 5000 IU/1ml IP/BP/USP,,D0150
Heparin Injection 1000 IU/ml,heparin-injection-1000iu-ml,11.4.4,Heparin Sodium Injection 5000 IU/5ml,,D0157
Heparin Injection 1000 IU/ml,heparin-injection-1000iu-ml,20.2.3,"Heparin Sodium Injection IP 1,000IU/ml",,D0523
Homatropine Eye Drops 2%,homatropine-eye-drops-2percent,22.1.2,Homatropine Drops 0.02,,D0537
Human Albumin Injection 5%,human-albumin-5percent,10.1.43,Human Albumin Solution IP 0.05,,D0078
Human Albumin Injection 20%,human-albumin-20percent,10.1.44,Human Albumin Solution IP 0.2,,D0079
Hydrochlorothiazide Tablet 12.5 mg,hydrochlorothiazide-tablet-12-5mg,11.3.14,Hydrochlorothiazide Tablet 12.5mg,,D0117
Hydrocortisone Sodium Succinate Injection 100 mg,hydrocortisone-succinate-inj-100mg,17.1.3,Hydrocortisone Sodium Succinate Injection 100mg,,D0333
Hydrocortisone Sodium Succinate Injection 200 mg,hydrocortisone-succinate-inj-200mg,19.1.8,Hydrocortisone Sodium Succinate Injection 200mg,,D0429
Hydroxychloroquine Tablet 200 mg,hydroxychloroquine-tablet-200mg,1.1.2,Hydroxychloroquine Phosphate Tablet 200mg,,D0003
Hydroxyurea Capsule 500 mg,hydroxyurea-capsule-500mg,8.3.9,Hydroxyurea Tablet 500mg,,D1494
Hyoscine Butylbromide Injection 20 mg/ml,hyoscine-butylbromide-inj-20mg-ml,16.5.5,Hyoscine Butyl Bromide Injection 20mg/ml,,D0323
Hyoscine Butylbromide Injection 20 mg/ml,hyoscine-butylbromide-inj-20mg-ml,16.5.12,Hyoscine Butyl Bromide Injection IP 20mg/ml,,D0317
Hyoscine Butylbromide Tablet 10 mg,hyoscine-butylbromide-tab-10mg,16.5.6,Hyoscine Butyl Bromide Tablet 10mg,,D0324
Hyoscine Butylbromide Tablet 10 mg,hyoscine-butylbromide-tab-10mg,16.5.13,Hyoscine Butyl Bromide Tablet IP 10mg,,D0318
Ibuprofen Oral Suspension 100 mg/5 ml,ibuprofen-oral-susp-100mg-5ml,1.3.60,Ibuprofen Oral Suspension BP 100mg/5ml,,D0045
Ibuprofen Oral Suspension 100 mg/5 ml,ibuprofen-oral-susp-100mg-5ml,1.3.9,Ibuprofen Syrup 100mg/5ml,,D0054
Ibuprofen Tablet 200 mg,ibuprofen-tablet-200mg,1.3.10,Ibuprofen Tablet 200mg,,D0013
Ibuprofen Tablet 400 mg,ibuprofen-tablet-400mg,1.3.11,Ibuprofen Tablet 400mg,,D0014
Imipramine Tablet 25 mg,imipramine-tablet-25mg,25.3.6,Imipramine Tablet 25mg,,D0631
Insulin Aspart Injection 100 IU/ml,insulin-aspart-injection-100iu-ml,17.7.38,Insulin Aspart Injection 100 U/ML IP/BP/USP,,D0367
Insulin Degludec Injection 100 IU/ml,degludec-insu-injection-100iu-ml-3ml,17.7.39,Insulin Degludec Injection 100 U/ML IP/BP/USP,,D0368
Iron Sucrose Injection 20 mg/ml,iron-sucrose-injection-100mg-5ml,20.1.9,Iron Sucrose Injection 100mg/5ml,,D0511
Isoflurane Inhalation,isoflurane-inhalation,2.1.3,Isoflurane Inhalation 250ml,,D0443
Isosorbide Mononitrate Tablet 10 mg,isosorbide-mononitrate-tablet-10mg,11.1.8,Isosorbide 5 Mononitrate/ Dinitrate Tablet 10mg,,D0101
Itraconazole Capsule 200 mg,itraconazole-capsule-200mg,6.8.20,Itraconazole Tablet 200mg,,D1458
Ivermectin Tablet 12 mg,ivermectin-tablet-12mg,6.3.10,Ivermectin Tablet 12MG,,D1300
Ivermectin Tablet 12 mg,ivermectin-tablet-12mg,6.3.9,Ivermectin Tablet 12MG,,D1309
Ivermectin Tablet 6 mg,ivermectin-tablet-6mg,6.3.8,Ivermectin Tablet 6MG,,D1308
Labetalol Injection 5 milligram per milliliter,labetalol-injection-5mg-ml,11.3.29,Labetolol Injection 5mg/ml,,D0127
Labetalol Tablet 100 mg,labetalol-tablet-100mg,11.3.17,Labetolol Tablet 100mg,,D0120
Lactulose Oral Solution 10 g/15 ml,lactulose-solution-10g-15ml,8.3.7,Lactulose Oral Liquid 10g/15ml,,D1492
Lactulose Oral Solution 10 g/15 ml,lactulose-solution-10g-15ml,8.3.8,Lactulose Oral Liquid 10g/15ml,,D1493
Levetiracetam Oral Solution 100 milligram per milliliter,levetiracetam-solution-100mg-ml,4.1.38,Levetiracetam Syrup 100mg/ml,,D1173
Levetiracetam Tablet 500 mg,levetiracetam-tablet-ip-500mg,4.1.40,Levetiracetam Tablet 500mg IP/BP/USP,,D1175
Levetiracetam Tablet 500 mg,levetiracetam-tablet-ip-500mg,D00151,Levetiracetam Tablet IP 500 mg,,D1503
Levocetirizine Tablet 5 mg,levocetirizine-tablet-ip-5mg,3.1.22,Levo Cetrizine Tablet 5mg,,D1122
Levodopa 100 mg + Carbidopa 10 mg Oral Tablet,levodopa-carbidopa-100mg-10mg,9.1.3,Levodopa+Carbidopa Tablet 100mg+10mg,,D1495
Levodopa 100 mg + Carbidopa 25 mg Oral Tablet,levodopa-carbidopa-100mg-25mg,9.1.4,Levodopa+Carbidopa Tablet 100mg+25mg,,D1496
Levofloxacin Tablet 250 mg,levofloxacin-tablet-ip-250mg,6.7.26,Levofloxacin Tablet 250mg,,D1396
Levofloxacin Tablet 500 mg,levofloxacin-tablet-500mg,6.7.25,Levofloxacin Tablet 500mg,,D1395
Linezolid Tablet 600 mg,linezolid-tablet-ip-600mg,6.7.70,Linezolid Tablet 600mg,,D1429
Liposomal Amphotericin B Injection 5mg,liposomal-amphotericin-b-5mg,6.8.23,Liposomal Amphotericin B Injection 50mg,,D1461
Lithium Carbonate Tablet 300 mg,lithium-carbonate-tablet-300mg,25.3.8,Lithium Carbonate Tablet 300mg,,D0633
Loperamide Tablet 2 mg,loperamide-tablet-ip-2mg,16.2.4,Loperamide Tablet 2mg,,D0289
Lorazepam Injection 2 milligram per milliliter,lorazepam-injection-2mg-ml,4.1.5,Lorazepam Injection 2mg/ml,,D1182
Lorazepam 1 mg Tablet,lorazepam-tablet-ip-1mg,25.2.2,Lorazepam Tablet 1mg,,D0616
Lorazepam 2 mg Tablet,lorazepam-tablet-ip-2mg,25.2.3,Lorazepam Tablet 2mg,,D0617
Lorazepam 1 mg Tablet,lorazepam-tablet-ip-1mg,25.2.11,Lorazepam Tablet IP 1mg,,D0615
Losartan 25 mg Tablet,losartan-tablet-25mg,11.3.18,Losartan Potassium Tablet 25mg,,D0121
Magnesium Sulphate 500 milligram per milliliter Injection,magnesium-sulphate-inj-500mg-ml,4.1.6,Magnesium sulphate Injection 500mg/ml,,D1183
Mannitol 10% w/v Infusion 100 ml,mannitol-injection-10percent-100ml,15.1.5,Mannitol Injection 0.1,,D0263
Mannitol 20% w/v Infusion 100 ml,mannitol-injection-20percent-100ml,15.1.6,Mannitol Injection 0.2,,D0264
Mebendazole 100 mg Tablet,mebendazole-tablet-ip-100mg,6.3.7,Mebendazole Tablet IP 100mg,,D1307
Medroxyprogesterone 10 mg Tablet,medroxyprogesterone-tablet-10mg,17.1.5,Medroxy Progesterone Acetate Tablet 10mg,,D0335
Medroxyprogesterone 10 mg Tablet,medroxyprogesterone-tablet-10mg,17.10.1,Medroxy Progesterone Acetate Tablet 10mg,,D0339
Mephentermine 30 milligram per milliliter Injection,mephentermine-injection-30mg-ml,11.6.7,Mephentermine Injection 30mg/ml,,D0173
Mephentermine 30 milligram per milliliter Injection,mephentermine-injection-30mg-ml,D00578,Mephentermine Injection IP 30mg/ml,,D1510
Meropenem 1000 mg INJ,meropenem-injection-1000mg,6.7.74,Meropenem Injection 1g,,D1432
Meropenem 1000 mg INJ,meropenem-injection-1000mg,6.7.86,Meropenem Injection 1gm,,D1438
Metformin 1000 mg Prolonged-Release Oral Tablet,metformin-pr-tablet-1000mg,43.1.41,Metformin Hydrochloride Sustained -Release Tablet IP 1000mg,,D1239
Metformin 500 mg Prolonged-Release Oral Tablet,metformin-pr-tablet-500mg,43.1.40,Metformin Hydrochloride Sustained release Tablet IP 500mg,,D1238
Metformin 1000 mg Prolonged-Release Oral Tablet,metformin-pr-tablet-1000mg,17.7.37,Metformin SR Tablet 1000 mg IP/BP/USP,,D0366
Metformin 500 mg Prolonged-Release Oral Tablet,metformin-pr-tablet-500mg,17.7.36,Metformin SR Tablet 500mg IP/BP/USP,,D0365
Metformin 1000 mg Tablet,metformin-tablet-1000mg,17.7.19,Metformin Tablet 1000mg,,D0359
Metformin 500 mg Tablet,metformin-tablet-500mg,17.7.9,Metformin Tablet 500mg,,D0374
Methotrexate 5 mg Tablet,methotrexate-tablet-ip-5mg,1.1.6,Methotrexate Tablet 5mg,,D0005
Methotrexate 7.5 mg Tablet,methotrexate-tablet-ip-7-5mg,1.1.7,Methotrexate Tablet 7.5mg,,D0006
Methylergometrine 0.2 milligram per milliliter Injection,methylergometrine-injection-0-2mg-ml,23.2.18,Methyl Ergometrine Injection IP 0.2mg/ml,,D0601
Methylergometrine 0.125 mg Tablet,methylergometrine-tablet-0-125mg,23.2.5,Methyl Ergometrine Tablet 0.125mg,,D0605
Methylprednisolone 125 mg injection,methylprednisolone-injection-125mg,17.1.8,Methyl Prednesolone Injection 125mg/IV,,D0337
Methylprednisolone 1 g injection,methylprednisolone-injection-1g,3.1.21,Methyl Prednisolone Infusion 1g,,D1121
Methylprednisolone 40 mg injection,methylprednisolone-injection-40mg,17.1.4,Methyl Prednisolone Injection 40mg/ml,,D0334
Methylprednisolone 500 mg injection,methylprednisolone-injection-500mg,17.1.9,Methyl Prednisolone Injection 500mg,,D0338
Methylprednisolone 125 mg injection,methylprednisolone-injection-125mg,17.1.11,Methylprednisolone Injection 125mg,,D0332
Methylprednisolone 1 g injection,methylprednisolone-injection-1g,3.1.37,Methylprednisolone Sodium Succinate (Sterile lyophilised powder) for Injection USP 1g,,D1134
Methylprednisolone 40 mg injection,methylprednisolone-injection-40mg,17.1.10,Methylprednisolone Sodium Succinate Injection 40mg/ml,,D0331
Methylprednisolone 8 mg Tablet,methylprednisolone-tablet-8mg,25.1.4,Methylprednisolone Tablet 8mg,,D0612
Methylprednisolone 8 mg Tablet,methylprednisolone-tablet-8mg,25.1.7,Methylprednisolone Tablet IP 8mg,,D0613
Metoclopramide 5 milligram per milliliter Injection,metoclopramide-injection-5mg-ml,16.3.3,Metoclopramide Injection 5mg/ml,,D0310
Metoclopramide 5 milligram per milliliter Injection,metoclopramide-injection-5mg-ml,16.3.17,Metoclopramide Injection IP 5mg/ml,,D0301
Metoclopramide 10 mg Tablet,metoclopramide-tablet-ip-10mg,16.3.5,Metoclopramide Tablet 10mg,,D0311
Metronidazole 10 mg Gel,metronidazole-gel-ip-10mg,6.7.59,Metronidazole 2% Gel 10mg/gm,,D1424
Metronidazole Benzoate 200 mg/5 ml Oral Suspension,metronidazole-suspension-200mg-5ml,6.7.93,Metronidazole Benzoate Oral Suspension IP 200mg/5ml,,D1446
Miconazole cream 2 %,metronidazole-cream-2percent,22.2.22,Miconazole Cream 2%w/w,,D0552
Miconazole Ointment 2 %,miconazole-ointment-2percent,22.2.6,Miconazole Ointment 0.02,,D0558
Midazolam Injection 1milligram per milliliter,midazolam-injection-1mg,2.3.7,Midazolam Injection 1mg/ml,,D0476
Midazolam Injection 5milligram per milliliter,midazolam-injection-5mg,2.3.8,Midazolam Injection 5mg/ml,,D0477
Mifepristone tablet 200 mg,mifepristone-tablet-200mg,23.2.6,Mifepristone Tablet 200mg,,D0606
Misoprostol tablet 200 mcg,misoprostol-tablet-200mcg,23.2.14,Misoprostol Tablet 200mcg,,D0599
Misoprostol tablet 200 mcg,misoprostol-tablet-200mcg,23.2.9,Misoprostol Tablet 200mcg,,D0608
Montelukast and Levocetirizine Tablet (4mg +2.5mg),montelukast-levocetirizine-4mg-2-5mg,3.1.25,Montelukast + Levo Cetrizine Syrup 4mg+2.5mg,,D1124
Montelukast tablet 10 mg,montelukast-tablet-10mg,19.2.3,Montelukast Tablet 10mg,,D0432
Montelukast tablet 5 mg,montelukast-tablet-5mg,19.2.4,Montelukast Tablet IP 5mg,,D0433
Moxifloxacin eyedrops 0.5% w/v,moxifloxacin-eye-drops-0-5percent,22.2.12,Moxifloxacin Eye Drops 0.5% w/v,,D0544
Moxifloxacin eyedrops 0.5% w/v,moxifloxacin-eye-drops-0-5percent,22.2.18,Moxifloxacin Eye Drops IP 0.5% w/v,,D0549
Multivitamin Injection,multivitamin-injection,27.1.12,Multivitamins Injection (As per Schedule V of Drugs and Cosmetics Rules),,D0682
Mupirocin ointment 2% w/w (20mg/g),mupirocin-ointment-2percent,12.1.9,Mupirocin Ointment 2%w/w,,D0195
n-acetylcysteine injection 200milligram per milliliter,acetylcysteine-injection-200mg-ml,5.2.8,N-Acetylcysteine Injection 200mg/1ml,,D1255
Naloxone injection 0.4milligram per milliliter,naloxone-injection-0-4mg-ml,5.2.9,Naloxone Injection 0.4mg/ml,,D1256
Naproxen Tablet 250mg,naproxen-tablet-250mg,1.3.43,Naproxen Tablet 250mg,,D0033
Neostigmine injection 0.5milligram per milliliter,neostigmine-injection-0-5mg-ml,21.1.2,Neostigmine Injection 0.5mg/ml,,D0529
Neostigmine methylsulphate 2.5milligram per milliliter injection,neostigmine-injection-2-5mg,21.1.9,Neostigmine Injection 2.5mg/ml,,D0532
Nepafenac ophthalmic suspension 0.1% w/v,nepafenac-eye-suspension-0-1percent,22.4.11,Nepafenac Ophthalmic Suspension IP 0.1%w/v,,D0570
Nifedipine Capsule 5mg,nifedipine-capsule-5mg,11.3.40,Nifedipine (sublingual) Tablet 5mg,,D0138
Nifedipine Capsule 10mg,nifedipine-capsule-10mg,11.3.42,Nifedipine SR Tablet 10mg,,D0139
Nifedipine Tablet 10 mg,nifedipine-tablet-10mg,11.3.23,Nifedipine Tablet 10mg,,D0124
Nitrofurantoin Tablet 100mg,nitrofurantoin-tablet-100mg,6.7.44,Nitrofurantoin Tablet 100mg,,D1410
Nitroglycerin Injection 5milligram per milliliter,nitroglycerin-injection-5mg-ml,11.1.14,Nitroglycerine Injection 5mg/ml,,D0096
Nitroglycerin Injection 5milligram per milliliter,nitroglycerin-injection-5mg-ml,11.3.35,NITROGLYCERINE Injection 5MG/ML 5ML,,D0132
Noradrenaline Injection 2 milligram per milliliter,noradrenaline-injection-2mg-ml,11.3.36,Noradrenaline Injection 2mg/ml,,D0133
Norethisterone Tablet 5mg,norethisterone-tablet-5mg,17.1.7,Norethisterone Tablet 5mg,,D0336
Norfloxacin Tablet 400mg,norfloxacin-tablet-400mg,6.7.33,Norfloxacin (Film Coated) Tablet 400mg,,D1403
Norfloxacin Tablet 400mg,norfloxacin-tablet-400mg,6.7.90,Norfloxacin Tablet IP 400mg,,D1443
Ofloxacin and dexamethasone Eye Drops 0.20%,ofloxacin-dexamethasone-eye-drops,22.6.9,Ofloxacin + dexamethasone Ear Drops NA,,D0592
Ofloxacin Infusion 2milligram per milliliter,ofloxacin-infusion-2mg-ml,6.5.9,Ofloxacin Infusion 200mg/100ml,,D1315
Ofloxacin ophthalmic solution 0.30%,ofloxacin-eye-solution-0-3percent,22.2.23,Ofloxacin Ophthalmic Solution 0.3%w/v,,D0553
Ofloxacin Oral Suspension 50mg/5ml,ofloxacin-suspension-50mg-5ml,6.5.19,Ofloxacin Oral Suspension IP 50mg/5ml,,D1314
Ofloxacin Tablet 200 mg,ofloxacin-tablet-200mg,6.5.12,Ofloxacin Tablet IP 200mg,,D1312
Ofloxacin 200 mg + Ornidazole 500 mg TAB,ofloxacin-ornidazole-200mg-500mg,6.7.49,Ofloxacin+Ornidazole Tablet 200mg+500mg,,D1415
Olanzapine Tablet 10 mg,olanzapine-tablet-10mg,25.4.11,Olanzapine Tablet 10mg,,D0636
Olanzapine Tablet 5 mg,olanzapine-tablet-5mg,25.4.12,Olanzapine Tablet 5mg,,D0637
Olanzapine Tablet 10 mg,olanzapine-tablet-10mg,4.1.21,OLAZAPINE Tablet 10mg,,D1164
OLOPATADINE 0.1% W/V eye drops,olopatadine-eye-solution-0-1percent,22.3.8,Olopatadine Eye Drops 0.1%w/w,,D0566
Omeprazole 20 mg capsule,omeprazole-capsule-20mg,16.1.7,Omeprazole Capsule 20mg,,D0281
Omeprazole Gastro-Resistant Capsules IP 20mg,omeprazole-gr-capsule-20mg,16.1.25,Omeprazole gastro-Resistant Capsule IP 20mg,,D0278
Ondansetron Injection 2 milligram per milliliter,ondansetron-injection-2mg-ml,16.3.6,Ondansetron Injection IP 2mg/ml,,D0312
Ondansetron Oral Solution 2 mg/5ml,ondansetron-solution-2mg-5ml,16.3.22,Ondansetron Oral Solution IP 2mg/5ml,,D0307
Ondansetron Oral Solution 2 mg/5ml,ondansetron-solution-2mg-5ml,16.3.7,Ondansetron Syrup 2mg/5ml,,D0313
Ondansetron Tablet 4 mg,ondansetron-tablet-4mg,16.3.8,Ondansetron Tablet 4mg,,D0314
Ondansetron Tablet 8 mg,ondansetron-tablet-8mg,16.3.9,Ondansetron Tablet 8mg,,D0315
Ondansetron Tablet 8 mg,ondansetron-tablet-8mg,16.3.21,Ondansetron Tablet IP 4mg,,D0306
Ornidazole tablet 500mg,ornidazole-tablet-500mg,6.9.5,Ornidazole Tablet IP 500mg,,D1485
Oseltamivir Capsules 45 mg,oseltamivir-capsule-45mg,6.7.83,Oseltamavir Capsule 45mg,,D1436
Oseltamivir Capsules 30mg,oseltamivir-capsule-30mg,6.7.55,Oseltamavir Capsule IP 30mg,,D1420
Oseltamivir Capsules 45 mg,oseltamivir-capsule-45mg,6.7.54,Oseltamavir Capsule IP 45mg,,D1419
Oseltamivir Capsules 75 mg,oseltamivir-capsule-75mg,6.7.53,Oseltamavir Capsule IP 75mg,,D1418
Oseltamivir Oral Suspension 12 milligram per milliliter,oseltamivir-suspension-12mg-ml,6.7.95,Oseltamavir Oral Suspension IP 12mg/ml,,D1448
Oseltamivir Oral Suspension 12 milligram per milliliter,oseltamivir-suspension-12mg-ml,6.7.56,Oseltamavir Syrup 12mg/ml,,D1421
Oseltamivir Capsules 30mg,oseltamivir-capsule-30mg,6.7.84,Oseltamavir Tablet 30mg,,D1437
Oseltamivir Capsules 75 mg,oseltamivir-capsule-75mg,40.40.8,Oseltamivir Capsule 75mg,,D1217
OXYMETAZOLINE NASAL DROP ADULT 0.05%,oxymetazoline-nasal-drop-0-05per,22.6.1,Oxymetazoline (Nasal) Drops 0.5mg/ml,,D0580
OXYMETAZOLINE NASAL DROP ADULT 0.05%,oxymetazoline-nasal-drop-0-05per,22.6.11,Oxymetazoline Hydrochloride (Nasal) Solution IP 0.5mg/ml or 0.05%w/w,,D0581
Oxytocin 5 IU/ml injection,oxytocin-injection-5iu-ml,23.2.11,Oxytocin Injection 5IU/ml,,D0597
Pancuronium 2 milligram per milliliter injection,pancuronium-injection-2mg-ml,21.1.4,Pancuronium Injection 2mg/ml,,D0530
Pantoprazole 40mg Tablet,pantoprazole-tablet-40mg,16.1.22,Pantoprazole Gastro Resistant Tablet IP 40mg,,D0275
Pantoprazole 40mg Tablet,pantoprazole-tablet-40mg,16.1.24,Pantoprazole Gastro Resistant Tablet IP 40mg,,D0277
Pantoprazole 40mg Injection,pantoprazole-injection-40mg,16.1.9,Pantoprazole Injection 40mg,,D0282
Pantoprazole 40mg Tablet,pantoprazole-tablet-40mg,16.1.10,Pantoprazole Tablet 40mg,,D0267
Paracetamol 100 milligram per milliliter drops,paracetamol-oral-drops-100mg-ml,1.3.34,Paracetamol Drops 100mg/ml,,D0031
Paracetamol 100 milligram per milliliter drops,paracetamol-oral-drops-100mg-ml,1.3.55,Paracetamol Drops 100mg/ml,,D0039
Paracetamol 150milligram per milliliter injection,paracetamol-injection-150mg-ml-2ml,1.3.29,Paracetamol Drops 150mg/ml,,D0026
Paracetamol 10milligram per milliliter infusion solution,paracetamol-infu-1g-100ml,1.3.13,Paracetamol Infusion 1gm/100ml,,D0016
Paracetamol 10milligram per milliliter infusion solution,paracetamol-infu-500mg-50ml,1.3.14,Paracetamol Infusion 500mg/50ml,,D0017
Paracetamol 10milligram per milliliter infusion solution,paracetamol-infu-1g-100ml,1.3.67,Paracetamol Infusion IP 1% w/v 1gm/100ml,,D0051
Paracetamol 10milligram per milliliter infusion solution,paracetamol-infu-500mg-50ml,1.3.65,Paracetamol Infusion IP 1% w/v 500mg/50ml,,D0049
Paracetamol 100milligram per milliliter pediatric oral suspension,paracetamol-suspension-100mg,1.3.56,Paracetamol Paediatric Oral Suspension IP 100mg/ml,,D0040
Paracetamol Pediatric Oral Suspension IP 250mg/5ml,paracetamol-suspension-250mg-5ml,1.3.57,Paracetamol Paediatric Oral Suspension IP 250mg/5ml,,D0041
Paracetamol Pediatric Syrup IP 125 mg/5ml,paracetamol-syrup-125mg-5ml,1.3.61,Paracetamol Paediatric Oral Suspension IP or Paediatric Syrup 125mg/5ml,,D0046
Paracetamol Suppository Rectal 170 mg,paracetamol-suppository-170mg,1.3.30,Paracetamol Suppository 170mg,,D0028
Paracetamol Rectal Suppository 80 mg,paracetamol-suppository-80mg,1.3.17,Paracetamol Suppository 80mg,,D0019
Paracetamol tablet 650mg,paracetamol-tablet-650mg,1.3.20,Paracetamol Tablet 650mg,,D0023
Paracetamol Tablet 500 mg,paracetamol-tablet-500mg,1.3.19,Paracetamol Tablet IP 500mg,,D0021
Pentazocine injection 30milligram per milliliter,pentazocine-injection-30mg-ml,1.4.4,Pentazocine Injection IP 30mg/ml,,D0056
Permethrin Cream 5% w/v,permethrin-cream-5percent,12.1.14,Permethrin Cream 0.05,,D0179
Permethrin Lotion 1% w/v,permethrin-lotion-1percent,12.1.13,Permethrin Lotion 0.01,,D0178
Pheniramine Maleate Injection,pheniramine-injection,3.1.10,Pheniramine Maleate Injection 22.75 mg/ml,,D1112
Pheniramine Maleate Injection,pheniramine-injection,40.1.4024,Pheniramine Meleate Injection 22.75 mg/ml,,D1190
Phenobarbital Oral Solution 20 mg/5ml,phenobarbital-solution-20mg-5ml,4.1.8,Phenobarbitone Syrup 20mg/5ml,,D1185
Phenobarbital Tablet 30 mg,phenobarbital-tablet-30mg,4.1.9,Phenobarbitone Tablet 30mg,,D1186
Phenobarbital Tablet 60 mg,phenobarbital-tablet-60mg,4.1.10,Phenobarbitone Tablet 60mg,,D1154
Phenobarbital Tablet 60 mg,phenobarbital-tablet-60mg,4.1.45,Phenobarbitone Tablet IP 60mg,,D1180
Phenytoin Injection 50 milligram per milliliter,phenytoin-injection-50mg,4.1.12,Phenytoin Sodium Injection 50mg/ml,,D1155
Phenytoin Oral Suspension 25milligram per milliliter,phenytoin-suspension-25mg,4.1.13,Phenytoin Sodium Suspension 25mg/ml,,D1156
Phenytoin Tablet 100mg,phenytoin-tablet-100mg,4.1.14,Phenytoin Sodium Tablet 100mg,,D1157
Pioglitazone tablet 15 mg,pioglitazone-tablet-15mg,17.7.10,Pioglitazone Tablet 15mg,,D0352
Piperacillin + Tazobactam injection 1 g + 125 mg,piperacillin-tazobactam-1-125g,6.6.34,Piperacillin + Tazobactam Powder for Injection. 1g + 125mg,,D1339
Piperacillin + Tazobactam injection 2 g + 250 mg,piperacillin-tazobactam-2-25g,6.6.35,Piperacillin + Tazobactam Powder for Injection. 2g + 250mg,,D1340
Piperacillin + Tazobactam injection 4 g + 500 mg,piperacillin-tazobactam-4-5g,6.6.36,Piperacillin + Tazobactam Powder for Injection. 4g + 500mg,,D1341
Piroxicam dispersible tablet 20 mg,piroxicam-dispersible-tablet-20mg,1.3.21,Piroxicam Dispersible Tablet 20mg,,D0024
Plasma expander injection 6%,plasma-expander-6percent-500ml,10.1.8,Plasma Expander Injection 0.06,,D0090
Plasma expander injection 6%,plasma-expander-6percent-500ml,10.1.45,Plasma Expander Injection 6% (Hydroxyethyl Starch 6%),,D0080
Povidone iodine gargle,povidone-iodine-gargle,14.1.12,Povidone Iodine (Mouth Rinse) Solution 0.01,,D0221
Povidone iodine ointment 5% w/w,povidone-iodine-ointment-5percent,12.1.5,Povidone Iodine Ointment 0.05,,D0191
Povidone iodine ointment 5% w/w,povidone-iodine-ointment-5percent,12.1.6,Povidone Iodine Ointment 0.05,,D0192
Povidone iodine ointment 5% w/w,povidone-iodine-ointment-5percent,12.1.36,Povidone Iodine Ointment USP 5% w/w,,D0188
Povidone iodine ointment 5% w/w,povidone-iodine-ointment-5percent,12.1.37,Povidone Iodine Ointment USP 5% w/w,,D0189
Povidone iodine solution 5% w/v,povidone-iodine-solution-5percent,12.1.16,Povidone Iodine Solution 0.05,,D0180
Povidone iodine solution 5% w/v,povidone-iodine-solution-5percent,14.1.10,Povidone Iodine Solution 0.05,,D0219
Prazosin tablet 2.5 mg,prazosin-tablet-2-5mg,11.3.37,Prazosin hydrochloride Tablet 2.5mg,,D0134
Prazosin tablet 5 mg,prazosin-tablet-5mg,11.3.38,Prazosin hydrochloride Tablet 5mg,,D0135
Prednisolone sodium phosphate eye drops 1% w/v,prednisolone-eye-drops-1percent,22.3.2,Prednisolone Sodium Phosphate Eye Drops 0.01,,D0564
Prednisolone tablet 10 mg,prednisolone-tablet-10mg,3.1.11,Prednisolone Tablet 10mg,,D1113
Prednisolone tablet 20 mg,prednisolone-tablet-20mg,3.1.12,Prednisolone Tablet 20mg,,D1114
Prednisolone tablet 5 mg,prednisolone-tablet-5mg,3.1.13,Prednisolone Tablet 5mg,,D1115
Pregabalin capsule 75 mg,pregabalin-capsule-75mg,D00074,Pregabalin Capsules IP 75 mg,,D1501
Pregabalin capsule 75 mg,pregabalin-capsule-75mg,4.1.39,Pregabalin SR Tablet 75mg,,D1174
Primaquine tablet 7.5 mg,primaquine-tablet-7-5mg,6.11.10,Primaquine Tablet 7.5mg,,D1273
Promethazine injection 25 milligram per milliliter,promethazine-injection-25mg,16.3.10,Promethazine Injection 25mg/ml,,D0295
Promethazine injection 25 milligram per milliliter,promethazine-injection-25mg,16.3.16,Promethazine Injection IP 25mg/ml,,D0300
Promethazine syrup 5 mg/5 ml,promethazine-syrup-5mg-5ml,3.1.14,Promethazine Syrup 5mg/5ml,,D1116
Propofol injection 1%,propofol-injection-1percent,2.1.8,Propofol Injection 1% oil suspension,,D0446
Propranolol tablet 40 mg,propranolol-tablet-40mg,7.1.2,Propranolol hydrochloride Tablet 40mg,,D1487
Pyridoxine tablet 10 mg,pyridoxine-tablet-10mg,20.1.12,Pyridoxine Tablet 10mg,,D0481
Quetiapine prolonged-release tablet 100 mg,quetiapine-pr-tablet-100mg,25.4.21,Quetiapine Tablet 100mg,,D0643
Ramipril tablet 2.5 mg,ramipril-tablet-2-5mg,11.3.31,Ramipril Tablet 2.5mg,,D0129
Ranitidine injection 25 milligram per milliliter,ranitidine-injection-25mg-2ml,16.1.11,Ranitidine Injection 25mg/ml,,D0268
Ranitidine injection 25 milligram per milliliter,ranitidine-injection-25mg-2ml,40.40.10,Ranitidine Injection 25mg/ml,,D1200
Risperidone tablet 2 mg,risperidone-tablet-2mg,25.4.25,Risperidone Tablet IP 2mg,,D0646
Risperidone tablet 4 mg,risperidone-tablet-4mg,25.4.28,Risperidone Tablet IP 4mg,,D0649
Salbutamol nebulizer solution 5 milligram per milliliter,salbutamol-nebulizer-5mg-1-5ml,19.1.12,Salbutamol nebuliser Solution 5mg/ml,,D0403
Salbutamol nebulizer solution 5 milligram per milliliter,salbutamol-nebulizer-5mg-1-5ml,19.1.41,Salbutamol nebuliser Solution BP 5mg/ml,,D0427
Salbutamol inhalation 100 mcg/dose,salbutamol-inhalation-100mcg,19.1.13,Salbutamol sulphate Inhalation 100mcg/dose,,D0404
Salbutamol syrup 2 mg/5 ml,salbutamol-syrup-2-5mg,19.1.14,Salbutamol sulphate Syrup 2mg/5ml,,D0405
Salbutamol tablet 2 mg,salbutamol-tablet-2mg,19.1.15,Salbutamol sulphate Tablet 2mg,,D0406
Salbutamol tablet 4 mg,salbutamol-tablet-4mg,19.1.16,Salbutamol sulphate Tablet 4mg,,D0407
Salicylic acid ointment 6% w/w,salicylic-acid-ointment-6percent,12.4.5,Salicylic Acid Ointment 0.06,,D0201
Sevoflurane inhalation liquid,sevoflurane-inhalation-250ml,2.1.9,Sevoflurane Inhalation 250ml,,D0447
Silver sulfadiazine 1% w/w,silver-sulphadiazine-cream-1percent,12.1.7,Silver Sulphadiazine Cream 0.01,,D0193
Silver sulfadiazine 1% w/w,silver-sulphadiazine-cream-1percent,12.1.8,SILVER SULPHADIAZINE Cream 1% w/w,,D0194
Sitagliptin tablet 50 mg,sitagliptin-tablet-50mg,17.7.2,Sitagliptin Tablet 50mg,,D0360
Snake venom antiserum,snake-antivenom,5.3.32,Snake Venom Antiserum IP (Polyvalent Lyophilized) Powder for Infusion NA,,D1266
Sodium bicarbonate injection 8.4% w/v,sodium-bicarbonate-inj-8-4per-50ml,26.2.10,Sodium Bicarbonate Injection 8.4%w/v,,D0667
Sodium Chloride Nasal Drops 0.65%,sodium-chloride-nasal-drop-0-65per,22.6.2,Sodium Chloride (Nasal) Drops 0.65%w/v,,D0586
Sodium chloride injection 0.45% w/v,sodium-chloride-inj-0-45per-500ml,26.2.6,Sodium Chloride(Normal Saline) Infusion 0.0045,,D0677
Sodium Chloride Injection 0.9%,sodium-chloride-inj-0-9percent-500ml,26.2.13,Sodium Chloride(Normal Saline) Infusion FFS 0.9%w/v,,D0670
Sodium Valproate + Valproic Acid CR Tablet 200 mg,sodium-valproate-cr-200mg,4.1.41,Sodium Valproate and Valproic acid CR Tablet 200mg,,D1176
Sodium Valproate + Valproic Acid CR Tablet 300 mg,sodium-valproate-cr-300mg,4.1.43,Sodium Valproate and Valproic Acid CR Tablet 500mg,,D1178
Sodium Valproate + Valproic Acid CR Tablet 300 mg,sodium-valproate-cr-300mg,4.1.30,Sodium Valproate CR Tablet 500mg,,D1168
Sodium Valproate Injection 100 milligram per milliliter,sodium-valproate-injection-100mg-5ml,4.1.16,Sodium Valproate Injection 100mg/ml,,D1158
Sodium Valproate Oral Solution 200 mg/5 ml,sodium-valproate-solution-200mg-5ml,4.1.17,Sodium Valproate Syrup 200mg/5ml,,D1159
Sodium Valproate Tablet 500 mg,sodium-valproate-tablet-500mg,4.1.19,Sodium Valproate Tablet 500mg,,D1161
Sodium Valproate Tablet 200 mg,sodium-valproate-tablet-200mg,4.1.18,Sodium Valproate Tablet IP 200mg,,D1160
Spironolactone Tablet 25 mg,spironolactone-tablet-25mg,15.1.7,Spironolactone Tablet 25mg,,D0265
Spironolactone Tablet 50 mg,spironolactone-tablet-50mg,15.1.8,Spironolactone Tablet 50mg,,D0266
Streptokinase Injection 7.5 lakh IU,streptokinase-injection-750000iu,11.4.6,"Streptokinase Injection 7,50,000IU",,D0159
Succinylcholine Injection 50 milligram per milliliter,succinylcholine-injection-50mg-ml,21.1.7,Succinyl choline chloride Injection 50mg/ml,,D0531
Sulfasalazine Gastro-resistant Tablet 500 mg,sulfasalazine-gr-tablet-500mg,1.1.8,Sulfasalazine Tablet 500mg,,D0007
Telmisartan Tablet 20 mg,telmisartan-tablet-20mg,11.3.33,Telmisartan Tablet 20mg,,D0131
Telmisartan Tablet 40 mg,telmisartan-tablet-40mg,11.3.47,Telmisartan Tablet 40mg,,D0142
Telmisartan Tablet 40 mg,telmisartan-tablet-40mg,11.3.48,Telmisartan Tablet 40mg,,D0143
Telmisartan Tablet 40 mg,telmisartan-tablet-40mg,11.3.28,Telmisartan Tablet IP 40mg,,D0126
Tenecteplase Injection 40 mg,tenecteplase-injection-40mg,11.4.17,Tenecteplase Injection 40mg with sterile water for injection I.P 10ml,,D0154
Terbinafine Cream 1%,terbinafine-cream-1percent-10g,6.8.22,Terbinafine Cream 1%w/w,,D1460
Terbinafine Tablet 250 mg,terbinafine-tablet-250mg,6.8.21,Terbinafine Tablet 250mg,,D1459
Theophylline 23 mg + Etophylline 77 mg Tablet,theophylline-etophylline-tablet,19.1.21,Theophylline + Etophylline Tablet 23mg+77mg,,D0411
Thiamine Injection 100 milligram per milliliter,thiamine-injection-100mg-10ml,27.1.18,Thiamine Injection 100mg/ml,,D0686
Thiamine Injection 100 milligram per milliliter,thiamine-injection-100mg-10ml,27.1.63,Thiamine Injection IP 100mg/ml,,D0724
Thiamine Tablet 100 mg,thiamine-tablet-100mg,27.1.19,Thiamine Tablet 100mg,,D0687
Thiopentone Sodium Injection 500 mg,thiopentone-injection-500mg,2.1.13,Thiopentore Powder for Injection. 500mg,,D0440
Thyroxine Tablet 100 mcg,thyroxine-tablet-100mcg,17.11.8,Thyroxine Tablet 0.1mg,,D0343
Tinidazole Tablet 300 mg,tinidazole-tablet-300mg,6.9.7,Tinidazole Tablet IP 300mg,,D1486
Tobramycin Eye Drops 0.3%,tobramycin-eye-drops-0-3percent,22.2.13,Tobramycin Eye Drops 0.003,,D0545
Tramadol Capsule 50 mg,tramadol-capsule-50mg,1.4.6,Tramadol Capsule 50mg,,D0057
Tramadol Injection 50 milligram per milliliter,tramadol-injection-50mg-2ml,1.4.7,Tramadol Injection 50mg/ml,,D0058
Tranexamic Acid Injection 100 milligram per milliliter,tranexamic-acid-injection-100mg-ml,20.1.13,Tranexamic Acid Injection 100mg/ml,,D0482
Tranexamic Acid Tablet 500 mg,tranexamic-acid-tablet-500mg,40.40.15,Tranexamic Acid Tablet 500mg,,D1205
Triamcinolone Injection 10 milligram per milliliter,triamcinolone-injection-10mg-1ml,3.1.36,Triamcinolone acetonide Injection IP 10mg/ml,,D1133
Triamcinolone Injection 10 milligram per milliliter,triamcinolone-injection-10mg-1ml,3.1.17,Triamcinolone Injection 10mg/ml,,D1117
Trihexyphenidyl Tablet 2 mg,benzhexol-tablet-ip-2,9.1.6,Trihexyphenidyl Hydrochloride Tablet 2mg,,D1497
Tropicamide Eye Drops 1%,tropicamide-eye-drops-1percent,13.1.4,Tropicamide Eye Drop 0.01,,D0210
Valethamate Bromide Injection 8 mg,valethamate-injection-8mg,16.1.13,Valathamate Bromide Injection 8mg/ml,,D0270
Vancomycin Intravenous Infusion 1 g,vancomycin-infusion-1g,6.7.45,Vancomycin Powder for Injection. 1g,,D1411
Vancomycin Intravenous Infusion IP 500 mg,vancomycin-infusion-500mg,6.7.47,Vancomycin Powder for Injection. 500mg,,D1413
Vancomycin Intravenous Infusion 1 g,vancomycin-infusion-1g,6.7.91,Vancomycin Powder for Intravenous Infusion 1000mg,,D1444
Vecuronium Bromide Injection 10mg,vecuronium-injection-10mg-10ml,21.1.10,Vecuronium Powder for Injection. 10mg,,D0527
Vecuronium Bromide Injection 4mg,vecuronium-injection-4mg,21.1.11,Vecuronium Powder for Injection. 4mg,,D0528
"Vitamin A Capsules IP 50,000IU",vitamin-a-capsule-50000iu,27.1.22,"Vitamin A Capsule 50,000IU",,D0690
"Vitamin A Paediatric Oral Solution 1,00,000 I.U / 1ml",vitamin-a-solution-100000iu,27.1.64,"Vitamin A Pediatric(Concentrated) Oral Solution IP 1,00,000IU/ml",,D0725
"Vitamin A Paediatric Oral Solution 1,00,000 I.U / 1ml",vitamin-a-solution-100000iu,27.1.25,"Vitamin A Pediatric(Concentrated) Solution 1,00,000IU/ml",,D0691
Vitamin C Tablet 500mg,vitamin-c-chewable-500mg,27.1.30,Vitamin C Chewable (Ascorbic Acid) Tablet 500mg,,D0697
Vitamin C Tablet 500mg,vitamin-c-chewable-500mg,27.1.65,Vitamin C Chewable (Ascorbic Acid) Tablet IP 500mg,,D0726
Vitamin C Tablet 500mg,vitamin-c-chewable-500mg,27.1.66,Vitamin C Chewable (Ascorbic Acid) Tablet IP 500mg,,D0727
Vitamin E Capsule 400mg,vitamin-e-capsule-400mg,27.1.54,Vitamin-E Capsule 400mg,,D0715
Xylometazoline Nasal Drops IP 0.1% w/v,xylometazoline-drops-0-1percent,22.6.3,XYLOMETAZOLINE NASAL DROPS Drops 0.001,,D0587
Xylometazoline Nasal Drops IP 0.05% w/v,xylometazoline-drops-0-05percent,22.6.13,Xylometazoline(Nasal) Drops IP 0.05%w/v,,D0583
Zinc Sulphate Oral Solution 20mg/5ml,zinc-sulphate-solution-20mg-5ml,16.2.1,Zinc Sulfate Syrup 20mg/5ml,,D0283
Zinc Sulphate Oral Solution 20mg/5ml,zinc-sulphate-solution-20mg-5ml,16.2.8,Zinc Sulfate Syrup 20mg/5ml,,D0292
Zinc sulfate Tablet 20mg,zinc-sulphate-tablet-20mg,16.2.3,Zinc Sulphate strips of 14 tablets Tablet 20mg,,D0288
Zinc sulfate Tablet 20mg,zinc-sulphate-tablet-20mg,27.1.34,Zinc Sulphate Tablet 20mg,,D0700